Nombre,Representante de empresa,Nombre de empresa,Cargo/Puesto,Email
Dan,false,,,gregorio.ayvar@globant.com
Daniel,false,,,gregorio.ayvar@globant.com
Daniel,false,,,gregorio.ayvar@globant.com
Daniel,true,globant,dev,gregorio.ayvar@globant.com
Dan,true,perso,cargo,gregorio.ayvar@globant.com
Dan,true,WWW,DIR,s@w.com
ssss,false,,,gregorio.ayvar@globant.com
sss,false,,,sss@n.co
PRUEBA,false,,,gregorio.ayvar@globant.com
Dan,false,,,gregorio.ayvar@globant.com
sss,false,,,gregorio.ayvar@globant.com
sss,false,,,gregorio.ayvar@globant.com
asdsadasd,false,,,asdasdas@c.com
asddsada,false,,,gregorio.ayvar@globant.com
Dan,false,,,gregorio.ayvar@globant.com
Dan,false,,,gregorio.ayvar@globant.com
Dan,false,,,gregorio.ayvar@globant.com
Dan,false,,,gregorio.ayvar@globant.com
Dan,false,,,gregorio.ayvar@globant.com
Dan,false,,,gregorio.ayvar@globant.com
Dan,false,,,gregorio.ayvar@globant.com
Dan,false,,,gregorio.ayvar@globant.com
Dan,false,,,gregorio.ayvar@globant.com
asdsadasd,false,,,gregorio.ayvar@globant.com
Dan,false,,,gregorio.ayvar@globant.com
asdsadasd,false,,,gregorio.ayvar@globant.com
Dan,false,,,gregorio.ayvar@globant.com
Dan,false,,,gregorio.ayvar@globant.com
Greg,false,,,gregorio.ayvar@globant.com
asdsadasd,false,,,gregorio.ayvar@globant.com
Dan,false,,,gregorio.ayvar@globant.com
ddddddd,false,,,gregorio.ayvar@globant.com
asdsadasd,false,,,gregorio.ayvar@globant.com
asdsadasd,false,,,gregorio.ayvar@globant.com
Dan,false,,,gregorio.ayvar@globant.com
asdsadasd,false,,,gregorio.ayvar@globant.com
Dan,false,,,gregorio.ayvar@globant.com
Dan,false,,,gregorio.ayvar@globant.com
asdsadasd,false,,,gregorio.ayvar@globant.com
Dan,false,,,gregorio.ayvar@globant.com
Dan,false,,,gregorio.ayvar@globant.com
Dan,true,sss,ss,gregorio.ayvar@globant.com
asdsadasd,false,,,gregorio.ayvar@globant.com
Dan,false,,,gregorio.ayvar@globant.com
Dan,false,,,gregorio.ayvar@globant.com
Dan,false,,,gregorio.ayvar@globant.com
PRUEBA,true,EMPRESA,CARGO,gregorio.ayvar@globant.com
PRUEBA,true,ddd,ddd,ayvarlopez@gmail.com
www,true,emp,car,w@w.com
Dan,false,,,gregorio.ayvar@globant.com
Dan,false,,,gregorio.ayvar@globant.com
Dan,false,,,gregorio.ayvar@globant.com
YASI,false,,,gregorio.ayvar@globant.com
Dan,false,,,gregorio.ayvar@globant.com
Dan,false,,,gregorio.ayvar@globant.com
Dan,false,,,gregorio.ayvar@globant.com
Dan,false,,,gregorio.ayvar@globant.com
Dan,false,,,gregorio.ayvar@globant.com
